Номенклатура;ТМ;Артикул;Тип упаковки;Ссылка на сайт;Состав;Под заказ;Длина 1 штуки (см);Ширина 1 штуки (см);Высота 1 штуки (см);Длина 1 упаковки (см);Ширина 1 упаковки (см);Высота 1 упаковки (см);Примечание;Минимум заказа;Кратность заказа;Фасовка;Единица измерения;Картинка;Оптовая цена;Вес в граммах;Страна
;;;;;;;;;;;;;;;;;;;;;
Игрушки;;;;;;;;;;;;;;;;;;;;;
Мягкая игрушка;;;;;;;;;;;;;;;;;;;;;
Интерьерные игрушки;;;;;;;;;;;;;;;;;;;;;
"Декор ""Зайка в ярком платье""";;837027;Пакет;https://www.sima-land.ru/837027;дерево, синтепон, текстиль;Нет;5.5;17.0;32.5;;;;;1;не менее минимума;;шт;http://cdn2.static1-sima-land.com/items/724444/0/700.jpg;177.02;110;Китай
"Декор ""Котофей Иваныч""";;837029;Пакет;https://www.sima-land.ru/837029;песок, синтепон, текстиль;Нет;7.0;15.0;28.0;;;;;1;не менее минимума;;шт;http://cdn2.static1-sima-land.com/items/724447/0/700.jpg;163.90;185;Китай
"Декор ""Мишка в кремовом платьице""";;1061819;Картонная коробка с PVC;https://www.sima-land.ru/1061819;текстиль;Нет;;;31.0;;;31.0;;1;не менее минимума;;шт;http://cdn2.static1-sima-land.com/items/875593/0/700.jpg;409.86;255;Китай
"Декор ""Мишка в сиреневом платьице и шляпке""";;1061818;Картонная коробка с PVC;https://www.sima-land.ru/1061818;текстиль;Нет;;;32.5;;;32.5;;1;не менее минимума;;шт;http://cdn2.static1-sima-land.com/items/875536/0/700.jpg;159.00;275;Китай
"Декор ""Мишка Фанни""";;1061816;Пакет;https://www.sima-land.ru/1061816;текстиль;Нет;;;19.0;;;19.0;;1;не менее минимума;;шт;http://cdn2.static1-sima-land.com/items/875621/0/700.jpg;425.00;110;Китай
"Декор ""Мишка-малышка""";;1061820;Картонная коробка с PVC;https://www.sima-land.ru/1061820;текстиль;Нет;;;38.0;;;38.0;;1;не менее минимума;;шт;http://cdn2.static1-sima-land.com/items/875557/0/700.jpg;790.00;405;Китай
"Декор подвесной ""Заяц сидит в кольце""";;836990;Пакет;https://www.sima-land.ru/836990;дерево, синтепон, текстиль;Нет;5.0;25.5;33.0;;;;;1;не менее минимума;;шт;http://cdn2.static1-sima-land.com/items/724459/0/700.jpg;490.00;105;Китай
"Декор ""Барашек с цветочком"", текстиль, МИКС";;279248;п/п пакет;https://www.sima-land.ru/279248;пенопласт, текстиль;Нет;12.0;10.0;28.0;;;;;2;не менее минимума;;шт;http://cdn2.static1-sima-land.com/items/176431/0/700.jpg;101.42;28;Китай
"Игрушка-подушка декоративная ""Единорог"", хлопок, бирюзовая, 45 х 25 см";VamVigvam;2340056;;https://www.sima-land.ru/2340056;;Да;45.0;25.0;10.0;30.0;30.0;30.0;;1;не менее минимума;;шт;http://cdn2.static1-sima-land.com/items/1942377/0/700.jpg;690.00;280;Россия
"Игрушка-подушка декоративная ""Единорог"", хлопок, золотая, 45 х 25 см";VamVigvam;2340058;;https://www.sima-land.ru/2340058;;Да;45.0;25.0;10.0;30.0;30.0;30.0;;1;не менее минимума;;шт;http://cdn2.static1-sima-land.com/items/1942904/0/700.jpg;690.00;280;Россия
"Игрушка-подушка декоративная ""Единорог"", хлопок, розовая, 45 х 25 см";VamVigvam;2340057;;https://www.sima-land.ru/2340057;;Да;45.0;25.0;10.0;30.0;30.0;30.0;;1;не менее минимума;;шт;http://cdn2.static1-sima-land.com/items/1942378/0/700.jpg;690.00;280;Россия
"Игрушка-подушка декоративная, ""Единорог"", хлопок, чёрная, 45 х 25 см";VamVigvam;2340059;;https://www.sima-land.ru/2340059;;Да;45.0;25.0;10.0;30.0;30.0;30.0;;1;не менее минимума;;шт;http://cdn2.static1-sima-land.com/items/1942379/0/700.jpg;689.52;280;Россия
"Интерьерная игрушка ""Ризеншнауцер"" 36 см";Богатый дом;2857109;Пакет;https://www.sima-land.ru/2857109;синтетический пух, полиэстер, хлопок;Нет;;;;35.0;17.0;21.0;;1;не менее минимума;;шт;http://cdn2.static1-sima-land.com/items/2364007/0/700.jpg;1 968.75;1 445;Россия
"Интерьерная игрушка ""Бладхаунд"" 40 см";Богатый дом;2857113;Пакет;https://www.sima-land.ru/2857113;синтетический пух, полиэстер, хлопок;Нет;;;;42.0;17.0;20.0;;1;не менее минимума;;шт;http://cdn2.static1-sima-land.com/items/2364011/0/700.jpg;1 968.75;1 410;Россия
"Интерьерная игрушка ""Бладхаунд"" 40 см";Богатый дом;2857114;Пакет;https://www.sima-land.ru/2857114;синтетический пух, полиэстер, хлопок;Нет;;;;42.0;18.0;21.0;;1;не менее минимума;;шт;http://cdn2.static1-sima-land.com/items/2364012/0/700.jpg;1 968.75;1 468;Россия
"Интерьерная игрушка ""Бладхаунд"" лежачий 67 см";Богатый дом;2857117;Пакет;https://www.sima-land.ru/2857117;синтетический пух, полиэстер, хлопок;Нет;;;;64.0;17.0;21.0;;1;не менее минимума;;шт;http://cdn2.static1-sima-land.com/items/2364015/0/700.jpg;2 231.25;2 125;Россия
"Интерьерная игрушка ""Ёж"" 27 см";Богатый дом;2857111;Пакет;https://www.sima-land.ru/2857111;синтетический пух, полиэстер, хлопок;Нет;;;;17.0;16.0;25.0;;1;не менее минимума;;шт;http://cdn2.static1-sima-land.com/items/2364009/0/700.jpg;1 968.75;786;Россия
"Интерьерная игрушка ""Ризеншнауцер"" 36 см";Богатый дом;2857110;Пакет;https://www.sima-land.ru/2857110;синтетический пух, полиэстер, хлопок;Нет;;;;34.0;17.0;22.0;;1;не менее минимума;;шт;http://cdn2.static1-sima-land.com/items/2364008/0/700.jpg;1 968.75;1 420;Россия
"Интерьерная игрушка ""Такса"" лежачая 67 см";Богатый дом;2857115;Пакет;https://www.sima-land.ru/2857115;синтетический пух, полиэстер, хлопок;Нет;;;;68.0;17.0;21.0;;1;не менее минимума;;шт;http://cdn2.static1-sima-land.com/items/2364013/0/700.jpg;2 231.25;2 200;Россия
"Интерьерная игрушка ""Такса"" лежачая 67 см";Богатый дом;2857116;Пакет;https://www.sima-land.ru/2857116;синтетический пух, полиэстер, хлопок;Нет;;;;64.0;18.0;20.0;;1;не менее минимума;;шт;http://cdn2.static1-sima-land.com/items/2364014/0/700.jpg;2 231.25;2 150;Россия
"Интерьерная игрушка ""Такса"" стоячая 40 см";Богатый дом;2857112;Пакет;https://www.sima-land.ru/2857112;синтетический пух, полиэстер, хлопок;Нет;;;;46.0;17.0;20.0;;1;не менее минимума;;шт;http://cdn2.static1-sima-land.com/items/2364010/0/700.jpg;1 968.75;1 471;Россия
"Кукла ""Ангелочек пушок""";;107010;Пакет;https://www.sima-land.ru/107010;текстиль;Нет;;;41.0;28.0;15.0;8.0;;1;не менее минимума;6;шт;http://cdn2.static1-sima-land.com/items/14817/0/700.jpg;691.49;400;Китай
"Кукла ""Ветеран"", высота 30 см   2624605";Бока;2624605;Пакет;https://www.sima-land.ru/2624605;полиэстер, хлопок;Нет;;;;28.0;24.0;9.0;;1;не менее минимума;;шт;http://cdn2.static1-sima-land.com/items/2508351/0/700.jpg;429.00;140;Россия
"Кукла ""Десант"", высота 30 см   2624606";Бока;2624606;Пакет;https://www.sima-land.ru/2624606;полиэстер;Нет;;;;30.0;21.0;8.0;;1;не менее минимума;;шт;http://cdn2.static1-sima-land.com/items/2508716/0/700.jpg;429.00;140;Россия
"Кукла интерьерная ""Ангел-девочка в белой шубке, колпаке и шарфике"" 47 см 2315149";;2315149;Пакет;https://www.sima-land.ru/2315149;песок, полистоун, текстиль;Нет;;;47.0;8.0;16.0;47.0;;1;не менее минимума;6;шт;http://cdn2.static1-sima-land.com/items/2195602/0/700.jpg;612.80;350;Китай
"Кукла интерьерная ""Ангел-девочка в белом платье с сердечками"" 35 см 2315156";;2315156;Пакет;https://www.sima-land.ru/2315156;полистоун, текстиль;Нет;;;35.0;31.0;14.0;7.0;;1;не менее минимума;6;шт;http://cdn2.static1-sima-land.com/items/2195609/0/700.jpg;735.81;450;Китай
"Кукла интерьерная ""Ангел-девочка в белом платье с сердечками"" 50 см 2315161";;2315161;Пакет;https://www.sima-land.ru/2315161;полистоун, текстиль;Нет;;;57.0;50.0;12.0;8.0;;1;не менее минимума;6;шт;http://cdn2.static1-sima-land.com/items/2195614/0/700.jpg;914.31;457;Китай
"Кукла интерьерная ""Ангел-девочка в платье с кудрявой юбочкой"" 48 см 2315160";;2315160;Пакет;https://www.sima-land.ru/2315160;полистоун, текстиль;Нет;;;48.0;42.0;9.0;9.0;;1;не менее минимума;4;шт;http://cdn2.static1-sima-land.com/items/2195613/0/700.jpg;936.94;550;Китай
"Кукла интерьерная ""Ангел-девочка в чёрно-белой шубке с висячими ножками"" 50 см 2315153";;2315153;Пакет;https://www.sima-land.ru/2315153;песок, полистоун, текстиль;Нет;;;50.0;8.0;23.0;50.0;;1;не менее минимума;6;шт;http://cdn2.static1-sima-land.com/items/2195606/0/700.jpg;712.18;450;Китай
"Кукла интерьерная ""Ангел-девочка в чёрно-белой шубке стоит"" 37 см 2315154";;2315154;Пакет;https://www.sima-land.ru/2315154;полистоун, текстиль;Нет;;;37.0;37.0;10.5;6.5;;1;не менее минимума;6;шт;http://cdn2.static1-sima-land.com/items/2195607/0/700.jpg;722.16;357;Китай
"Кукла интерьерная ""Ангел-девочка застенчивая с сердечком"" 33 см 2315146";;2315146;Пакет;https://www.sima-land.ru/2315146;полистоун, текстиль;Нет;;;33.0;33.0;8.0;14.0;;1;не менее минимума;6;шт;http://cdn2.static1-sima-land.com/items/2195599/0/700.jpg;582.13;347;Китай
"Кукла интерьерная ""Ангелочек-девочка в красном пальто"" 52 см  3134157";;3134157;Пакет;https://www.sima-land.ru/3134157;полистоун, текстиль;Нет;;;52.0;52.0;16.0;16.0;;1;не менее минимума;4;шт;http://cdn2.static1-sima-land.com/items/3255849/0/700.jpg;1 200.77;1 350;Китай
"Кукла интерьерная ""Ваня в шапочке с меховой оторочкой"" 28 см  3134139";;3134139;Пакет;https://www.sima-land.ru/3134139;полистоун, текстиль;Нет;;;28.0;30.0;10.0;8.0;;1;не менее минимума;6;шт;http://cdn2.static1-sima-land.com/items/3255831/0/700.jpg;643.05;392;Китай
"Кукла интерьерная ""Девочка в белом платье и полосатом шарфике"" 41 см 2315150";;2315150;Пакет;https://www.sima-land.ru/2315150;полистоун, текстиль;Нет;;;41.0;33.0;14.0;14.0;;1;не менее минимума;6;шт;http://cdn2.static1-sima-land.com/items/2195603/0/700.jpg;689.68;350;Китай
"Кукла интерьерная ""Девочка в белом платье и полосатом шарфике"" 46 см 2315152";;2315152;Пакет;https://www.sima-land.ru/2315152;песок, полистоун, текстиль;Нет;;;46.0;9.0;18.0;46.0;;1;не менее минимума;12;шт;http://cdn2.static1-sima-land.com/items/2195605/0/700.jpg;683.00;350;Китай
"Кукла интерьерная ""Девочка в белом платье с сердечком"" 43 см  3134148";;3134148;Пакет;https://www.sima-land.ru/3134148;полистоун, текстиль;Нет;;;43.0;38.0;11.0;8.0;;1;не менее минимума;4;шт;http://cdn2.static1-sima-land.com/items/3255840/0/700.jpg;795.47;415;Китай
"Кукла интерьерная ""Девочка в белом платье с сердечком"" 78 см   3134158";;3134158;Пакет;https://www.sima-land.ru/3134158;полистоун, текстиль;Нет;;;78.0;60.0;15.0;23.0;;1;не менее минимума;2;шт;http://cdn2.static1-sima-land.com/items/3255850/0/700.jpg;1 255.01;1 295;Китай
"Кукла интерьерная ""Девочка в вязаном платье и белом шарфике"" 31 см 2315151";;2315151;Пакет;https://www.sima-land.ru/2315151;полистоун, текстиль;Нет;;;31.0;29.0;17.0;9.0;;1;не менее минимума;6;шт;http://cdn2.static1-sima-land.com/items/2195604/0/700.jpg;695.84;340;Китай
"Кукла интерьерная ""Девочка в красной юбочке с сердечками"" 56 см  3134154";;3134154;Пакет;https://www.sima-land.ru/3134154;полистоун, текстиль;Нет;;;56.0;43.0;17.0;13.0;;1;не менее минимума;4;шт;http://cdn2.static1-sima-land.com/items/3255846/0/700.jpg;889.96;663;Китай
"Кукла интерьерная ""Девочка в красном колпаке и полосатом шарфике"" 57 см 2315155";;2315155;Пакет;https://www.sima-land.ru/2315155;песок, полистоун, текстиль;Нет;;;57.0;8.0;23.0;57.0;;1;не менее минимума;4;шт;http://cdn2.static1-sima-land.com/items/2195608/0/700.jpg;740.38;500;Китай
"Кукла интерьерная ""Девочка в серой шубке и шапке"" 34 см 2315157";;2315157;Пакет;https://www.sima-land.ru/2315157;полистоун, текстиль;Нет;;;34.0;36.0;17.0;11.0;;1;не менее минимума;6;шт;http://cdn2.static1-sima-land.com/items/2195610/0/700.jpg;766.25;450;Китай
"Кукла интерьерная ""Девочка в сером платьице с меховой отделкой"" 46 см 2315158";;2315158;Пакет;https://www.sima-land.ru/2315158;полистоун, текстиль;Нет;;;46.0;37.0;16.0;16.0;;1;не менее минимума;4;шт;http://cdn2.static1-sima-land.com/items/2195611/0/700.jpg;775.56;500;Китай
"Кукла интерьерная ""Девочка в шубке и шапке-совенка"" 33 см 2315148";;2315148;Пакет;https://www.sima-land.ru/2315148;полистоун, текстиль;Нет;;;33.0;28.0;16.0;11.0;;1;не менее минимума;4;шт;http://cdn2.static1-sima-land.com/items/2195601/0/700.jpg;630.77;370;Китай
"Кукла интерьерная ""Девочка-ангелочек в белых ботах"" 56 см  3134155";;3134155;Пакет;https://www.sima-land.ru/3134155;полистоун, текстиль;Нет;;;56.0;42.0;13.0;8.0;;1;не менее минимума;6;шт;http://cdn2.static1-sima-land.com/items/3255847/0/700.jpg;915.89;663;Китай
"Кукла интерьерная ""Девочка-ангелочек в меховых валенках"" 40 см  3134149";;3134149;Пакет;https://www.sima-land.ru/3134149;полистоун, текстиль;Нет;;;40.0;38.0;14.0;14.0;;1;не менее минимума;4;шт;http://cdn2.static1-sima-land.com/items/3255841/0/700.jpg;805.68;425;Китай
"Кукла интерьерная ""Малыш с лыжами"" 33 см  3134153";;3134153;Пакет;https://www.sima-land.ru/3134153;полистоун, текстиль;Нет;;;33.0;36.0;17.0;10.0;;1;не менее минимума;4;шт;http://cdn2.static1-sima-land.com/items/3255845/0/700.jpg;827.81;500;Китай
"Кукла интерьерная ""Малышка в коричневой шубке с сердечком"" 47 см  3134140";;3134140;Пакет;https://www.sima-land.ru/3134140;полистоун, текстиль;Нет;;;47.0;30.0;10.0;8.0;;1;не менее минимума;4;шт;http://cdn2.static1-sima-land.com/items/3255832/0/700.jpg;664.52;383;Китай
"Кукла интерьерная ""Малышка в красной кофточке"" 38 см  3134142";;3134142;Пакет;https://www.sima-land.ru/3134142;полистоун, текстиль;Нет;;;38.0;38.0;16.0;8.0;;1;не менее минимума;4;шт;http://cdn2.static1-sima-land.com/items/3255834/0/700.jpg;725.85;458;Китай
"Кукла интерьерная ""Малышка в сереньких валенках"" 41 см  3134141";;3134141;Пакет;https://www.sima-land.ru/3134141;полистоун, текстиль;Нет;;;41.0;30.0;12.0;10.0;;1;не менее минимума;6;шт;http://cdn2.static1-sima-land.com/items/3255833/0/700.jpg;675.88;417;Китай
"Кукла интерьерная ""Малышка с лыжами"" 33 см  3134152";;3134152;Пакет;https://www.sima-land.ru/3134152;полистоун, текстиль;Нет;;;33.0;35.0;16.0;13.0;;1;не менее минимума;4;шт;http://cdn2.static1-sima-land.com/items/3255844/0/700.jpg;827.81;488;Китай
"Кукла интерьерная ""Мальчик в кофточке"" 38 см  3134143";;3134143;Пакет;https://www.sima-land.ru/3134143;полистоун, текстиль;Нет;;;38.0;38.0;13.0;10.0;;1;не менее минимума;4;шт;http://cdn2.static1-sima-land.com/items/3255835/0/700.jpg;725.85;465;Китай
"Кукла интерьерная ""Мальчик-ангелочек в меховых валенках"" 40 см  3134150";;3134150;Пакет;https://www.sima-land.ru/3134150;полистоун, текстиль;Нет;;;40.0;33.0;14.0;10.0;;1;не менее минимума;4;шт;http://cdn2.static1-sima-land.com/items/3255842/0/700.jpg;805.68;413;Китай
"Кукла интерьерная ""Маруся в шапочке-ушанке"" 52 см  3134156";;3134156;Пакет;https://www.sima-land.ru/3134156;полистоун, текстиль;Нет;;;52.0;57.0;19.0;11.0;;1;не менее минимума;4;шт;http://cdn2.static1-sima-land.com/items/3255848/0/700.jpg;1 098.25;1 250;Китай
"Кукла интерьерная ""Сова с полосатыми ножками"" 37 см  3134144";;3134144;Пакет;https://www.sima-land.ru/3134144;текстиль;Нет;;;37.0;35.0;13.0;13.0;;1;не менее минимума;4;шт;http://cdn2.static1-sima-land.com/items/3255836/0/700.jpg;802.77;588;Китай
"Кукла интерьерная ""Совёнок в валенках и колпачкке"" 47 см 2315147";;2315147;Пакет;https://www.sima-land.ru/2315147;полистоун, текстиль;Нет;;;47.0;8.0;16.0;47.0;;1;не менее минимума;6;шт;http://cdn2.static1-sima-land.com/items/2195600/0/700.jpg;637.80;460;Китай
"Кукла интерьерная ""Совёнок в клетчатом колпаке и оленями на пузике"" 49 см 2315159";;2315159;Пакет;https://www.sima-land.ru/2315159;полистоун, текстиль;Нет;;;49.0;31.0;19.0;9.0;;1;не менее минимума;4;шт;http://cdn2.static1-sima-land.com/items/2195612/0/700.jpg;842.03;460;Китай
"Мягкая музыкальная игрушка ""Лошадь"" с разноцветной гривой, на ножках пуговки";;326330;Без упаковки;https://www.sima-land.ru/326330;текстиль;Нет;;;13.0;;;;Эксклюзив;2;не менее минимума;;шт;http://cdn2.static1-sima-land.com/items/221391/0/700.jpg;40.00;45;Китай
"Мягкая музыкальная игрушка ""Лошадь"" с бело-розовой гривой в мелкий цветочек";;326331;Без упаковки;https://www.sima-land.ru/326331;текстиль;Нет;6.0;8.0;13.0;;;;Эксклюзив;1;не менее минимума;;шт;http://cdn2.static1-sima-land.com/items/221392/0/700.jpg;45.00;49;Китай
"Мягкая игрушка зайка ""Li лисичка""";;2694963;коробка;https://www.sima-land.ru/2694963;текстиль;Нет;9.0;7.0;25.0;13.0;15.0;19.5;Эксклюзив;1;не менее минимума;;шт;http://cdn2.static1-sima-land.com/items/3055324/0/700.jpg;385.00;135;Китай
"Мягкая игрушка зайка ""Li путешественница""";;2694958;коробка;https://www.sima-land.ru/2694958;текстиль;Нет;9.0;7.0;25.0;13.0;15.0;19.5;Эксклюзив;1;не менее минимума;;шт;http://cdn2.static1-sima-land.com/items/3055319/0/700.jpg;418.00;135;Китай
"Мягкая игрушка зайка ""Lu мечтатель""";;2694961;коробка;https://www.sima-land.ru/2694961;текстиль;Нет;9.0;7.0;25.0;13.0;15.0;19.5;Эксклюзив;1;не менее минимума;;шт;http://cdn2.static1-sima-land.com/items/3055322/0/700.jpg;385.00;135;Китай
"Мягкая игрушка зайка ""Lu морячок""";;2694959;коробка;https://www.sima-land.ru/2694959;текстиль;Нет;9.0;7.0;25.0;13.0;15.0;19.5;Эксклюзив;1;не менее минимума;;шт;http://cdn2.static1-sima-land.com/items/3055320/0/700.jpg;385.00;135;Китай
"Подушка-игрушка ""Апельсин""";;1015844;Пакет;https://www.sima-land.ru/1015844;текстиль;Нет;37.0;37.0;7.0;;;;;1;не менее минимума;;шт;http://cdn2.static1-sima-land.com/items/812012/0/700.jpg;360.00;270;Китай
"Мягкая игрушка зайка ""Зайка Li""";;2694962;коробка;https://www.sima-land.ru/2694962;текстиль;Нет;9.0;7.0;25.0;13.0;15.0;19.5;Эксклюзив;1;не менее минимума;;шт;http://cdn2.static1-sima-land.com/items/3055323/0/700.jpg;385.00;88;Китай
"Мягкая игрушка ""Зайка"", без штанишек 1047948";;1047948;Пакет;https://www.sima-land.ru/1047948;текстиль;Нет;50.0;10.0;12.0;;;;;1;не менее минимума;;шт;http://cdn2.static1-sima-land.com/items/892167/0/700.jpg;210.00;220;Китай
"Мягкая игрушка ""Зайка"", в панталонах 1047937";;1047937;Пакет;https://www.sima-land.ru/1047937;текстиль;Нет;49.0;8.0;15.0;;;;;1;не менее минимума;;шт;http://cdn2.static1-sima-land.com/items/892118/0/700.jpg;350.00;367;Китай
"Мягкая игрушка ""Зайка"", в полосатых шортах 1047940";;1047940;Пакет;https://www.sima-land.ru/1047940;текстиль;Нет;65.0;6.0;16.0;;;;;1;не менее минимума;;шт;http://cdn2.static1-sima-land.com/items/892130/0/700.jpg;375.00;218;Китай
"Мягкая игрушка ""Зайка"", висячие ножки 1047979";;1047979;Пакет;https://www.sima-land.ru/1047979;текстиль;Нет;65.0;6.0;16.0;;;;;1;не менее минимума;;шт;http://cdn2.static1-sima-land.com/items/892176/0/700.jpg;315.00;175;Китай
"Мягкая игрушка ""Зайка"", желтая жилетка 1047927";;1047927;Пакет;https://www.sima-land.ru/1047927;текстиль;Нет;25.0;6.0;13.0;;;;;1;не менее минимума;;шт;http://cdn2.static1-sima-land.com/items/892220/0/700.jpg;363.00;244;Китай
"Мягкая игрушка ""Зайка"", желтый платочек 1047971";;1047971;Пакет;https://www.sima-land.ru/1047971;текстиль;Нет;36.0;5.0;9.0;;;;;1;не менее минимума;;шт;http://cdn2.static1-sima-land.com/items/892111/0/700.jpg;250.00;170;Китай
"Мягкая игрушка ""Зайка"", животик в горох 1047987";;1047987;Пакет;https://www.sima-land.ru/1047987;текстиль;Нет;56.0;11.0;14.0;;;;;1;не менее минимума;;шт;http://cdn2.static1-sima-land.com/items/892117/0/700.jpg;299.00;315;Китай
"Мягкая игрушка ""Зайка"", зеленые пуговки 1047955";;1047955;Пакет;https://www.sima-land.ru/1047955;текстиль;Нет;38.0;6.0;10.0;;;;;1;не менее минимума;;шт;http://cdn2.static1-sima-land.com/items/892175/0/700.jpg;170.00;157;Китай
"Мягкая игрушка ""Зайка"", зеленые шорты 1047945";;1047945;Пакет;https://www.sima-land.ru/1047945;текстиль;Нет;65.0;6.0;16.0;;;;;1;не менее минимума;;шт;http://cdn2.static1-sima-land.com/items/892217/0/700.jpg;360.00;246;Китай
"Мягкая игрушка ""Зайка"", клетчатые шорты 1047933";;1047933;Пакет;https://www.sima-land.ru/1047933;текстиль;Нет;70.0;14.0;14.0;;;;;1;не менее минимума;;шт;http://cdn2.static1-sima-land.com/items/892163/0/700.jpg;263.00;341;Китай
"Мягкая игрушка ""Зайка"", клетчатые штанишки 1047936";;1047936;Пакет;https://www.sima-land.ru/1047936;текстиль;Нет;49.0;8.0;15.0;;;;;1;не менее минимума;;шт;http://cdn2.static1-sima-land.com/items/892148/0/700.jpg;315.00;342;Китай
"Мягкая игрушка ""Зайка"", клетчатые штаны 1047952";;1047952;Пакет;https://www.sima-land.ru/1047952;текстиль;Нет;61.0;9.0;13.0;;;;;1;не менее минимума;;шт;http://cdn2.static1-sima-land.com/items/892149/0/700.jpg;280.00;408;Китай
"Мягкая игрушка ""Зайка"", платье с сердцем 1047954";;1047954;Пакет;https://www.sima-land.ru/1047954;текстиль;Нет;38.0;6.0;10.0;;;;;1;не менее минимума;;шт;http://cdn2.static1-sima-land.com/items/892125/0/700.jpg;171.00;142;Китай
"Мягкая игрушка ""Зайка"", полосатая юбка 1047943";;1047943;Пакет;https://www.sima-land.ru/1047943;текстиль;Нет;65.0;6.0;16.0;;;;;1;не менее минимума;;шт;http://cdn2.static1-sima-land.com/items/892103/0/700.jpg;450.00;216;Китай
"Мягкая игрушка ""Зайка"", полосатое платье 1047944";;1047944;Пакет;https://www.sima-land.ru/1047944;текстиль;Нет;65.0;6.0;16.0;;;;;1;не менее минимума;;шт;http://cdn2.static1-sima-land.com/items/892104/0/700.jpg;280.00;221;Китай
"Мягкая игрушка ""Зайка"", розовые пуговицы на платье 1047961";;1047961;Пакет;https://www.sima-land.ru/1047961;текстиль;Нет;36.0;5.0;9.0;;;;;1;не менее минимума;;шт;http://cdn2.static1-sima-land.com/items/892166/0/700.jpg;239.00;166;Китай
"Мягкая игрушка ""Зайка"", с морковкой 1047959";;1047959;Пакет;https://www.sima-land.ru/1047959;текстиль;Нет;87.0;9.0;13.0;;;;;1;не менее минимума;;шт;http://cdn2.static1-sima-land.com/items/892221/0/700.jpg;385.00;384;Китай
"Мягкая игрушка ""Зайка"", с шарфиком 1047953";;1047953;Пакет;https://www.sima-land.ru/1047953;текстиль;Нет;70.0;12.0;12.0;;;;;1;не менее минимума;;шт;http://cdn2.static1-sima-land.com/items/892131/0/700.jpg;245.00;313;Китай
"Мягкая игрушка ""Зайка"", стоит с цветком 1047960";;1047960;Пакет;https://www.sima-land.ru/1047960;текстиль;Нет;87.0;9.0;13.0;;;;;1;не менее минимума;;шт;http://cdn2.static1-sima-land.com/items/892105/0/700.jpg;455.00;371;Китай
"Мягкая игрушка ""Зайка"", яркий цветочек на голове 1047949";;1047949;Пакет;https://www.sima-land.ru/1047949;текстиль;Нет;45.0;9.0;11.0;;;;;1;не менее минимума;;шт;http://cdn2.static1-sima-land.com/items/892108/0/700.jpg;250.00;217;Китай
"Мягкая игрушка ""Заяц"", висячие лапки 1047976";;1047976;Пакет;https://www.sima-land.ru/1047976;текстиль;Нет;70.0;12.0;12.0;;;;;1;не менее минимума;;шт;http://cdn2.static1-sima-land.com/items/892134/0/700.jpg;280.00;315;Китай
"Мягкая игрушка ""Киса"", цветочки на животике 1047985";;1047985;Пакет;https://www.sima-land.ru/1047985;текстиль;Нет;30.0;9.0;18.0;;;;;1;не менее минимума;;шт;http://cdn2.static1-sima-land.com/items/892142/0/700.jpg;210.00;370;Китай
"Мягкая игрушка ""Курочка"", висячие лапки 1047977";;1047977;Пакет;https://www.sima-land.ru/1047977;текстиль;Нет;30.0;9.0;16.0;;;;;1;не менее минимума;;шт;http://cdn2.static1-sima-land.com/items/892170/0/700.jpg;263.00;200;Китай
"Мягкая игрушка ""Лошадка"" коричневая цветная грива 511060";;511060;Пакет;https://www.sima-land.ru/511060;поролон, песок, текстиль;Нет;8.0;21.0;24.0;;;;;1;не менее минимума;;шт;http://cdn2.static1-sima-land.com/items/340857/0/700.jpg;175.00;143;Китай
"Мягкая игрушка ""Лошадка"" коричневая цветная грива 511061";;511061;Пакет;https://www.sima-land.ru/511061;поролон, песок, текстиль;Нет;9.0;30.0;33.0;;;;;1;не менее минимума;;шт;http://cdn2.static1-sima-land.com/items/340858/0/700.jpg;253.00;283;Китай
"Мягкая игрушка ""Лошадка"" цветная грива 511122";;511122;Пакет;https://www.sima-land.ru/511122;поролон, песок, текстиль;Нет;8.0;21.0;24.0;;;;;1;не менее минимума;;шт;http://cdn2.static1-sima-land.com/items/340919/0/700.jpg;175.00;129;Китай
"Мягкая игрушка ""Лошадка"" цветная грива 511123";;511123;Пакет;https://www.sima-land.ru/511123;поролон, песок, текстиль;Нет;9.0;30.0;33.0;;;;;1;не менее минимума;;шт;http://cdn2.static1-sima-land.com/items/340920/0/700.jpg;175.00;283;Китай
"Мягкая игрушка зайка ""Мишутка Lu""";;2694951;коробка;https://www.sima-land.ru/2694951;текстиль;Нет;9.0;7.0;25.0;13.0;15.0;19.5;Эксклюзив;1;не менее минимума;;шт;http://cdn2.static1-sima-land.com/items/3055312/0/700.jpg;418.00;130;Китай
"Мягкая игрушка ""Мышка"", зеленые носочки 1047902";;1047902;Пакет;https://www.sima-land.ru/1047902;текстиль;Нет;50.0;9.0;11.0;;;;;1;не менее минимума;;шт;http://cdn2.static1-sima-land.com/items/892152/0/700.jpg;225.00;166;Китай
"Мягкая игрушка ""Разноцветный апельсин""";;1015843;Пакет;https://www.sima-land.ru/1015843;текстиль;Нет;37.0;37.0;7.0;;;;;1;не менее минимума;;шт;http://cdn2.static1-sima-land.com/items/812008/0/700.jpg;340.00;274;Китай
"Мягкая игрушка ""Сова"", полосатые лапки 1047917";;1047917;Пакет;https://www.sima-land.ru/1047917;дерево, текстиль;Нет;27.0;7.0;15.0;;;;;1;не менее минимума;;шт;http://cdn2.static1-sima-land.com/items/892186/0/700.jpg;198.00;98;Китай
"Мягкая игрушка ""Сова"", розовые пуговицы 1047904";;1047904;Пакет;https://www.sima-land.ru/1047904;текстиль;Нет;26.0;8.0;16.0;;;;;1;не менее минимума;;шт;http://cdn2.static1-sima-land.com/items/892137/0/700.jpg;175.00;400;Китай
"Мягкая игрушка ""Сова"", розовый воротничок 1047903";;1047903;Пакет;https://www.sima-land.ru/1047903;текстиль;Нет;26.0;8.0;16.0;;;;;1;не менее минимума;;шт;http://cdn2.static1-sima-land.com/items/892155/0/700.jpg;199.00;373;Китай
"Мягкая игрушка ""Совушка"", выразительные брови 1047973";;1047973;Пакет;https://www.sima-land.ru/1047973;текстиль;Нет;33.0;15.0;30.0;;;;;1;не менее минимума;;шт;http://cdn2.static1-sima-land.com/items/892159/0/700.jpg;290.00;473;Китай
"Мягкая игрушка ""Совушка"", желтые крылья 1047922";;1047922;Пакет;https://www.sima-land.ru/1047922;текстиль;Нет;25.0;6.0;13.0;;;;;1;не менее минимума;;шт;http://cdn2.static1-sima-land.com/items/892183/0/700.jpg;143.50;126;Китай
"Мягкая игрушка ""Совушка"", животик в горох 1047912";;1047912;Пакет;https://www.sima-land.ru/1047912;текстиль;Нет;21.0;12.0;18.0;;;;;1;не менее минимума;;шт;http://cdn2.static1-sima-land.com/items/892168/0/700.jpg;187.00;320;Китай
"Мягкая игрушка ""Совушка"", животик в клетку 1047910";;1047910;Пакет;https://www.sima-land.ru/1047910;текстиль;Нет;20.0;9.0;20.0;;;;;1;не менее минимума;;шт;http://cdn2.static1-sima-land.com/items/892215/0/700.jpg;175.00;310;Китай
"Мягкая игрушка ""Совушка"", зеленая бабочка 1047909";;1047909;Пакет;https://www.sima-land.ru/1047909;текстиль;Нет;21.0;10.0;15.0;;;;;1;не менее минимума;;шт;http://cdn2.static1-sima-land.com/items/892099/0/700.jpg;150.00;299;Китай
"Мягкая игрушка ""Совушка"", зеленые лапки 1047907";;1047907;Пакет;https://www.sima-land.ru/1047907;текстиль;Нет;34.0;9.0;19.0;;;;;1;не менее минимума;;шт;http://cdn2.static1-sima-land.com/items/892136/0/700.jpg;175.00;274;Китай
"Мягкая игрушка ""Совушка"", зеленые платок 1047921";;1047921;Пакет;https://www.sima-land.ru/1047921;текстиль;Нет;27.0;7.0;15.0;;;;;1;не менее минимума;;шт;http://cdn2.static1-sima-land.com/items/892129/0/700.jpg;160.00;164;Китай
"Мягкая игрушка ""Совушка"", зеленые пуговицы 1047919";;1047919;Пакет;https://www.sima-land.ru/1047919;текстиль;Нет;31.0;8.0;13.0;;;;;1;не менее минимума;;шт;http://cdn2.static1-sima-land.com/items/892126/0/700.jpg;205.00;249;Китай
"Мягкая игрушка ""Совушка"", зеленый животик 1047908";;1047908;Пакет;https://www.sima-land.ru/1047908;текстиль;Нет;23.0;10.0;20.0;;;;;1;не менее минимума;;шт;http://cdn2.static1-sima-land.com/items/892150/0/700.jpg;162.00;270;Китай
"Мягкая игрушка ""Совушка"", крылья в горошек 1047906";;1047906;Пакет;https://www.sima-land.ru/1047906;текстиль;Нет;48.0;9.0;19.0;;;;;1;не менее минимума;;шт;http://cdn2.static1-sima-land.com/items/892180/0/700.jpg;175.00;338;Китай
"Мягкая игрушка ""Совушка"", крылья на пуговках 1047972";;1047972;Пакет;https://www.sima-land.ru/1047972;текстиль;Нет;25.0;10.0;22.0;;;;;1;не менее минимума;;шт;http://cdn2.static1-sima-land.com/items/892158/0/700.jpg;140.00;246;Китай
"Мягкая игрушка ""Совушка"", платок в горох 1047920";;1047920;Пакет;https://www.sima-land.ru/1047920;текстиль;Нет;27.0;7.0;15.0;;;;;1;не менее минимума;;шт;http://cdn2.static1-sima-land.com/items/892138/0/700.jpg;150.00;164;Китай
"Мягкая игрушка ""Совушка"", полосатая 1047970";;1047970;Пакет;https://www.sima-land.ru/1047970;текстиль;Нет;33.0;9.0;19.0;;;;;1;не менее минимума;;шт;http://cdn2.static1-sima-land.com/items/892177/0/700.jpg;210.00;315;Китай
"Мягкая игрушка ""Совушка"", полосатые крылья 1047974";;1047974;Пакет;https://www.sima-land.ru/1047974;текстиль;Нет;24.0;11.0;20.0;;;;;1;не менее минимума;;шт;http://cdn2.static1-sima-land.com/items/892156/0/700.jpg;180.00;262;Китай
"Мягкая игрушка ""Совушка"", полосатые лапки 1047905";;1047905;Пакет;https://www.sima-land.ru/1047905;текстиль;Нет;34.0;9.0;19.0;;;;;1;не менее минимума;;шт;http://cdn2.static1-sima-land.com/items/892128/0/700.jpg;213.00;317;Китай
"Мягкая игрушка ""Совушка"", розовые пуговицы 1047918";;1047918;Пакет;https://www.sima-land.ru/1047918;текстиль;Нет;31.0;8.0;13.0;;;;;1;не менее минимума;;шт;http://cdn2.static1-sima-land.com/items/892127/0/700.jpg;193.00;300;Китай
"Мягкая игрушка ""Совушка"", синие лапки 1047923";;1047923;Пакет;https://www.sima-land.ru/1047923;текстиль;Нет;25.0;6.0;13.0;;;;;1;не менее минимума;;шт;http://cdn2.static1-sima-land.com/items/892100/0/700.jpg;135.00;121;Китай
"Мягкая игрушка ""Совушка"", оранжевый клюв";;1047911;Пакет;https://www.sima-land.ru/1047911;текстиль;Нет;19.0;9.0;19.0;;;;;1;не менее минимума;;шт;http://cdn2.static1-sima-land.com/items/892098/0/700.jpg;150.00;315;Китай
"Подушка-игрушка ""Срез осины""";;1015845;Пакет;https://www.sima-land.ru/1015845;текстиль;Нет;37.0;37.0;7.0;;;;;1;не менее минимума;;шт;http://cdn2.static1-sima-land.com/items/812006/0/700.jpg;315.00;280;Китай
"Основа для творчества и декорирования, мягкая игрушка ""Зая"" 1543558";;1543558;Пакет;https://www.sima-land.ru/1543558;синтепон, текстиль;Нет;4.0;12.0;23.0;4.0;12.0;23.0;;3;не менее минимума;;шт;http://cdn2.static1-sima-land.com/items/1514123/0/700.jpg;62.85;32;Китай
"Основа для творчества и декорирования, мягкая игрушка ""Медвежонок"" 1543559";;1543559;Пакет;https://www.sima-land.ru/1543559;синтепон, текстиль;Нет;4.5;16.0;26.0;4.5;16.0;26.0;;3;не менее минимума;;шт;http://cdn2.static1-sima-land.com/items/1514124/0/700.jpg;65.45;78;Китай
"Подушка-вывернушка 2 в 1 ""Лавандовый Единорог, Щенок Йорк""";1TOY;3653850;Пакет;https://www.sima-land.ru/3653850;плюш;Нет;;;;42.0;22.0;18.0;;1;не менее минимума;;шт;http://cdn2.static1-sima-land.com/items/3035784/0/700.jpg;1 399.00;425;Китай
"Подушка-вывернушка 2 в 1 ""Лев, Обезьянка""";1TOY;3653847;Пакет;https://www.sima-land.ru/3653847;плюш;Нет;;;;40.0;15.0;23.0;;1;не менее минимума;;шт;http://cdn2.static1-sima-land.com/items/3035782/0/700.jpg;1 399.00;470;Китай
"Подушка-вывернушка 2 в 1 ""Радужный Тролль, Блестящий Щенок""";1TOY;3653846;Пакет;https://www.sima-land.ru/3653846;плюш;Нет;;;;43.0;14.0;22.0;;1;не менее минимума;;шт;http://cdn2.static1-sima-land.com/items/3035781/0/700.jpg;1 399.00;425;Китай
"Подушка-вывернушка 2 в 1 ""Разноцветный Тролль-Салатовый даркон"", МИКС";1TOY;3653849;Пакет;https://www.sima-land.ru/3653849;плюш;Нет;;;;42.0;15.0;24.0;;1;не менее минимума;;шт;http://cdn2.static1-sima-land.com/items/3151604/0/700.jpg;1 399.00;430;Китай
"Подушка-вывернушка 2 в 1 ""Хаски, Полярный медведь""";1TOY;3653848;Пакет;https://www.sima-land.ru/3653848;плюш;Нет;;;;41.0;15.0;22.0;;1;не менее минимума;;шт;http://cdn2.static1-sima-land.com/items/3035783/0/700.jpg;1 399.00;440;Китай
"Подушка-вывернушка 2 в 1 ""Белый Единорог, Розовая Кошечка"" 2 в 1";1TOY;3653845;Пакет;https://www.sima-land.ru/3653845;плюш;Нет;;;;43.0;14.0;22.0;;1;не менее минимума;;шт;http://cdn2.static1-sima-land.com/items/3035780/0/700.jpg;1 399.00;390;Китай
"Сувенир ""Сердечко с пушком красное""";;108970;Бумажная упаковка;https://www.sima-land.ru/108970;керамика, текстиль;Нет;3.0;9.0;11.5;;;;;2;не менее минимума;8;шт;http://cdn2.static1-sima-land.com/items/16515/0/700.jpg;29.65;100;Китай
"Сувенир ""Сердечко с пушком полосатое""";;108971;Бумажная упаковка;https://www.sima-land.ru/108971;керамика, текстиль;Нет;4.0;14.0;17.0;;;;;2;не менее минимума;8;шт;http://cdn2.static1-sima-land.com/items/16516/0/700.jpg;53.13;310;Китай
"Сувенир ""Сердечко с пушком цветное""";;108972;Бумажная упаковка;https://www.sima-land.ru/108972;керамика, текстиль;Нет;4.0;14.0;17.0;;;;;2;не менее минимума;8;шт;http://cdn2.static1-sima-land.com/items/16517/0/700.jpg;49.90;350;Китай
"Сувенир ""Сердечко с пушком яркое""";;108969;Картонная коробка;https://www.sima-land.ru/108969;керамика, текстиль;Нет;3.0;9.0;11.5;;;;;2;не менее минимума;8;шт;http://cdn2.static1-sima-land.com/items/16514/0/700.jpg;29.65;110;Китай
Сувенир «Милая улиточка», молочная юбочка, ручная работа, 10 см, микс 3272201;;3272201;Без упаковки;https://www.sima-land.ru/3272201;текстиль;Нет;;;10.0;3.5;12.0;18.0;;1;не менее минимума;;шт;http://cdn2.static1-sima-land.com/items/2759721/0/700.jpg;221.00;24;Россия
Сувенир «Милая улиточка», розовая юбочка, ручная работа, 10 см, микс 3272202;;3272202;Без упаковки;https://www.sima-land.ru/3272202;текстиль;Нет;;;10.0;3.5;12.0;18.0;;1;не менее минимума;;шт;http://cdn2.static1-sima-land.com/items/2759722/0/700.jpg;221.00;20;Россия
Сувенир «Милая улиточка», синяя юбочка, ручная работа, 10 см, микс 3272200;;3272200;Без упаковки;https://www.sima-land.ru/3272200;текстиль;Нет;;;10.0;3.5;11.0;18.0;;1;не менее минимума;;шт;http://cdn2.static1-sima-land.com/items/2759720/0/700.jpg;221.00;22;Россия
"Сувенир вязаный ""Заяц без капюшона"" в голубом, 30 см 3516845";;3516845;Пакет;https://www.sima-land.ru/3516845;микрополиэстер, холлофайбер;Нет;;;;27.0;13.0;10.0;;1;не менее минимума;;шт;http://cdn2.static1-sima-land.com/items/3031306/0/700.jpg;2 631.37;173;Россия
"Сувенир вязаный ""Заяц без капюшона"" в розовом, 30 см 3516844";;3516844;Пакет;https://www.sima-land.ru/3516844;микрополиэстер, холлофайбер;Нет;;;;10.0;18.0;27.0;;1;не менее минимума;;шт;http://cdn2.static1-sima-land.com/items/3031305/0/700.jpg;2 631.37;200;Россия
"Сувенир вязаный ""Заяц в капюшоне"" жёлтом, 40 см 3516842";;3516842;Пакет;https://www.sima-land.ru/3516842;микрополиэстер, холлофайбер;Нет;;;;30.0;12.0;14.0;;1;не менее минимума;;шт;http://cdn2.static1-sima-land.com/items/3031303/0/700.jpg;3 362.31;291;Россия
"Сувенир вязаный ""Заяц в капюшоне"" фуксиевом, 40см 3516843";;3516843;Пакет;https://www.sima-land.ru/3516843;микрополиэстер, холлофайбер;Нет;;;;30.0;12.0;14.0;;1;не менее минимума;;шт;http://cdn2.static1-sima-land.com/items/3031304/0/700.jpg;3 362.31;292;Россия
"Сувенир вязаный ""Заяц лиловый"" с розовым бантом,  40см  3516846";;3516846;Пакет;https://www.sima-land.ru/3516846;микрополиэстер, холлофайбер;Нет;;;;13.0;17.0;32.0;;1;не менее минимума;;шт;http://cdn2.static1-sima-land.com/items/3031307/0/700.jpg;3 362.31;294;Россия
"Сувенир вязаный ""Кот бежевый Красный нос с сердцем"" в бело-красном, 30 см 3516838";;3516838;Пакет;https://www.sima-land.ru/3516838;микрополиэстер, холлофайбер;Нет;;;;11.0;15.0;31.0;;1;не менее минимума;;шт;http://cdn2.static1-sima-land.com/items/3029107/0/700.jpg;3 362.32;248;Россия
"Сувенир вязаный ""Кот бежевый с голубым ошейником"" в сине-желтом, 30 см 3516839";;3516839;Пакет;https://www.sima-land.ru/3516839;микрополиэстер, холлофайбер;Нет;;;;32.0;15.0;11.0;;1;не менее минимума;;шт;http://cdn2.static1-sima-land.com/items/3029106/0/700.jpg;3 654.69;286;Россия
"Сувенир вязаный ""Кот с ошейником"" горчичный, 30 см 3516836";;3516836;Пакет;https://www.sima-land.ru/3516836;микрополиэстер, холлофайбер;Нет;;;;12.0;18.0;30.0;;1;не менее минимума;;шт;http://cdn2.static1-sima-land.com/items/3031301/0/700.jpg;3 654.68;218;Россия
"Сувенир вязаный ""Кот серый с бантиком и ошейником"" в розовом, 30 см 3516837";;3516837;Пакет;https://www.sima-land.ru/3516837;микрополиэстер, холлофайбер;Нет;;;;10.0;13.0;30.0;;1;не менее минимума;;шт;http://cdn2.static1-sima-land.com/items/3031302/0/700.jpg;3 654.68;240;Россия
"Сувенир вязаный ""Мишка-малыш с сердцем"" синий, 30см  3516832";;3516832;Пакет;https://www.sima-land.ru/3516832;микрополиэстер, холлофайбер;Нет;;;;28.0;14.0;10.0;;1;не менее минимума;;шт;http://cdn2.static1-sima-land.com/items/3029111/0/700.jpg;2 631.37;165;Россия
"Сувенир вязаный ""Мишка-малыш с сердцем"" сиреневый, 30см 3516833";;3516833;Пакет;https://www.sima-land.ru/3516833;микрополиэстер, холлофайбер;Нет;;;;28.0;14.0;10.0;;1;не менее минимума;;шт;http://cdn2.static1-sima-land.com/items/3029110/0/700.jpg;2 631.37;176;Россия
"Сувенир вязаный ""Мишка-пухляш с оранж.цветком"" 40см 3516835";;3516835;Пакет;https://www.sima-land.ru/3516835;микрополиэстер, холлофайбер;Нет;;;;32.0;17.0;11.0;;1;не менее минимума;;шт;http://cdn2.static1-sima-land.com/items/3029108/0/700.jpg;3 362.32;293;Россия
"Сувенир вязаный ""Мишка-пухляш с сердцем"" 40см 3516834";;3516834;Пакет;https://www.sima-land.ru/3516834;микрополиэстер, холлофайбер;Нет;;;;32.0;17.0;11.0;;1;не менее минимума;;шт;http://cdn2.static1-sima-land.com/items/3029109/0/700.jpg;3 362.32;266;Россия
"Сувенир вязаный ""Поросёнок с жёлудем"" бежевый, 30 см 3516829";;3516829;Пакет;https://www.sima-land.ru/3516829;микрополиэстер, холлофайбер;Нет;;;;27.0;15.0;13.0;;1;не менее минимума;;шт;http://cdn2.static1-sima-land.com/items/3031298/0/700.jpg;2 923.74;233;Россия
"Сувенир вязаный ""Поросенок с ошейником"" розовый, 30 см 3516831";;3516831;Пакет;https://www.sima-land.ru/3516831;микрополиэстер, холлофайбер;Нет;;;;14.0;14.0;30.0;;1;не менее минимума;;шт;http://cdn2.static1-sima-land.com/items/3031300/0/700.jpg;3 654.68;239;Россия
"Сувенир вязаный ""Собака желтая с коричневым"" желтый бант, 20 см 3516840";;3516840;Пакет;https://www.sima-land.ru/3516840;микрополиэстер, холлофайбер;Нет;;;;20.0;14.0;16.0;;1;не менее минимума;;шт;http://cdn2.static1-sima-land.com/items/3029105/0/700.jpg;2 631.37;206;Россия
